time_hr,mean_mRNA_nM,stdev_mRNA_nM,mean_GFP_uM,stdev_GFP_uM
0,0,0,0,0
2,575.2173316,14.16212314,6.284153543,1.044955052
4,579.6046857,30.18104085,11.18208661,0.900979865
8,574.3104175,62.4419207,16.52854331,0.598141024
16,553.7308772,55.16405898,21.29625984,1.561090334