threads,median_s,n_reps
1,18.524367958,5
2,9.383212166,5
4,5.937490833,5
8,4.508121125,5
